model,score_val,eval_metric,pred_time_val,fit_time,pred_time_val_marginal,fit_time_marginal,stack_level,can_infer,fit_order
WeightedEnsemble_L2,0.9934977108530405,r2,2.302065134048462,24.34009051322937,0.00099945068359375,0.05960226058959961,2,True,5
LightGBM_BAG_L1,0.9934572467935101,r2,0.0529630184173584,2.4796013832092285,0.0529630184173584,2.4796013832092285,1,True,2
LightGBMXT_BAG_L1,0.993456230453644,r2,0.6891162395477295,5.201905250549316,0.6891162395477295,5.201905250549316,1,True,1
CatBoost_BAG_L1,0.9932418828766607,r2,1.5589864253997803,16.598981618881226,1.5589864253997803,16.598981618881226,1,True,4
RandomForestMSE_BAG_L1,0.9931549605946084,r2,0.4681131839752197,9.191140174865723,0.4681131839752197,9.191140174865723,1,True,3
